source,foot_id,mesh_path,side,length,width,foot_height,arch_height,ball_girth,waist_girth,instep_girth,heel_girth,ankle_girth,long_heel_girth,short_heel_girth,n_vertices
dryad_foot,dryad_0001,/Users/q/Desktop/atelier/atelier-ml/data/dryad_foot/001_fBW_L.ply,left,248.1,139.9,84.4,3.1,429.3,429.0,481.7,702.8,664.3,702.8,632.5,32558
dryad_foot,dryad_0002,/Users/q/Desktop/atelier/atelier-ml/data/dryad_foot/001_mBW_L.ply,left,246.8,135.5,84.5,5.9,428.9,429.3,481.7,673.3,626.1,673.3,606.0,33383
dryad_foot,dryad_0004,/Users/q/Desktop/atelier/atelier-ml/data/dryad_foot/002_mBW_R.ply,right,246.1,136.2,84.8,0.3,433.6,436.6,494.4,614.7,503.2,614.7,553.2,34792
dryad_foot,dryad_0005,/Users/q/Desktop/atelier/atelier-ml/data/dryad_foot/003_fBW_R.ply,right,241.8,138.5,85.2,3.1,425.1,432.7,459.4,683.0,650.2,683.0,614.7,32041
dryad_foot,dryad_0006,/Users/q/Desktop/atelier/atelier-ml/data/dryad_foot/003_mBW_R.ply,right,250.4,129.4,80.9,2.6,423.4,427.2,478.4,559.7,440.2,559.7,503.7,31818
dryad_foot,dryad_0007,/Users/q/Desktop/atelier/atelier-ml/data/dryad_foot/004_fBW_R.ply,right,283.9,137.8,97.8,3.7,493.5,494.4,521.2,727.7,708.0,727.7,654.9,33403
dryad_foot,dryad_0008,/Users/q/Desktop/atelier/atelier-ml/data/dryad_foot/004_mBW_R.ply,right,282.1,133.7,96.1,4.2,491.0,490.6,523.6,700.4,670.8,700.4,630.4,33004
dryad_foot,dryad_0010,/Users/q/Desktop/atelier/atelier-ml/data/dryad_foot/005_mBW_R.ply,right,251.0,138.8,83.1,2.4,436.1,442.7,487.7,683.6,630.5,683.6,615.2,33885
dryad_foot,dryad_0012,/Users/q/Desktop/atelier/atelier-ml/data/dryad_foot/006_mBW_R.ply,right,267.3,135.6,93.5,3.9,474.0,480.6,523.4,715.3,701.4,715.3,643.8,35443
dryad_foot,dryad_0013,/Users/q/Desktop/atelier/atelier-ml/data/dryad_foot/007_fBW_R.ply,right,263.4,138.5,95.4,2.7,492.0,492.8,509.6,726.3,707.0,726.3,653.7,32402
dryad_foot,dryad_0014,/Users/q/Desktop/atelier/atelier-ml/data/dryad_foot/007_mBW_R.ply,right,262.9,133.6,94.0,5.5,493.0,493.6,510.5,697.8,669.0,697.8,628.0,33407
dryad_foot,dryad_0016,/Users/q/Desktop/atelier/atelier-ml/data/dryad_foot/008_mBW_R.ply,right,271.7,138.1,92.1,2.0,466.3,475.8,514.9,718.0,692.2,718.0,646.2,33344
dryad_foot,dryad_0018,/Users/q/Desktop/atelier/atelier-ml/data/dryad_foot/009_mBW_R.ply,right,261.5,138.4,93.8,0.7,481.8,486.4,504.2,724.9,715.0,724.9,652.4,32490
dryad_foot,dryad_0019,/Users/q/Desktop/atelier/atelier-ml/data/dryad_foot/010_fBW_R.ply,right,258.3,138.1,95.6,9.6,472.1,472.7,514.5,717.5,685.6,717.5,645.8,34115
dryad_foot,dryad_0020,/Users/q/Desktop/atelier/atelier-ml/data/dryad_foot/010_mBW_R.ply,right,259.7,135.5,95.2,1.9,472.9,471.0,505.7,701.2,663.1,701.2,631.1,33794
dryad_foot,dryad_0021,/Users/q/Desktop/atelier/atelier-ml/data/dryad_foot/011_fBW_R.ply,right,257.9,139.5,84.2,9.6,424.0,434.3,481.8,710.5,686.8,710.5,639.4,33064
dryad_foot,dryad_0022,/Users/q/Desktop/atelier/atelier-ml/data/dryad_foot/011_mBW_R.ply,right,263.1,134.7,84.2,1.6,425.6,437.9,484.8,674.4,628.6,674.4,607.0,33058
dryad_foot,dryad_0023,/Users/q/Desktop/atelier/atelier-ml/data/dryad_foot/012_fBW_R.ply,right,280.6,138.2,98.2,2.6,517.5,522.0,564.4,728.8,702.0,728.8,655.9,34853
dryad_foot,dryad_0024,/Users/q/Desktop/atelier/atelier-ml/data/dryad_foot/012_mBW_R.ply,right,279.4,135.3,95.8,3.6,514.2,518.4,562.0,705.0,668.8,705.0,634.5,34772
dryad_foot,dryad_0025,/Users/q/Desktop/atelier/atelier-ml/data/dryad_foot/013_fBW_R.ply,right,257.5,137.7,85.2,3.6,428.3,435.7,487.5,639.2,505.8,639.2,575.3,34376
dryad_foot,dryad_0026,/Users/q/Desktop/atelier/atelier-ml/data/dryad_foot/013_mBW_R.ply,right,245.4,139.9,85.7,3.0,430.7,435.0,474.2,689.8,648.5,689.8,620.8,34100
dryad_foot,dryad_0027,/Users/q/Desktop/atelier/atelier-ml/data/dryad_foot/014_fBW_R.ply,right,254.3,136.1,82.6,4.7,402.2,407.7,483.7,662.6,613.3,662.6,596.3,33028
dryad_foot,dryad_0028,/Users/q/Desktop/atelier/atelier-ml/data/dryad_foot/014_mBW_R.ply,right,243.8,136.2,80.8,5.6,405.5,407.8,467.0,672.9,637.6,672.9,605.6,32703
dryad_foot,dryad_0030,/Users/q/Desktop/atelier/atelier-ml/data/dryad_foot/015_mBW_R.ply,right,265.6,135.7,93.7,6.3,471.4,479.0,517.5,708.6,687.2,708.6,637.7,32951
dryad_foot,dryad_0032,/Users/q/Desktop/atelier/atelier-ml/data/dryad_foot/016_mBW_R.ply,right,241.8,134.4,86.1,2.3,445.9,447.4,486.8,660.2,603.7,660.2,594.2,34221
dryad_foot,dryad_0033,/Users/q/Desktop/atelier/atelier-ml/data/dryad_foot/017_fBW_R.ply,right,267.8,139.7,94.9,6.2,473.6,477.2,528.2,737.4,712.2,737.4,663.7,33694
dryad_foot,dryad_0034,/Users/q/Desktop/atelier/atelier-ml/data/dryad_foot/017_mBW_R.ply,right,256.7,138.0,92.7,3.0,470.5,471.6,518.1,726.9,713.5,726.9,654.2,33790
dryad_foot,dryad_0035,/Users/q/Desktop/atelier/atelier-ml/data/dryad_foot/018_fBW_R.ply,right,259.4,138.5,93.6,1.4,467.3,472.6,504.3,723.7,707.6,723.7,651.3,33210
dryad_foot,dryad_0036,/Users/q/Desktop/atelier/atelier-ml/data/dryad_foot/018_mBW_R.ply,right,259.2,135.7,91.0,2.0,465.2,471.1,507.6,701.4,677.3,701.4,631.3,33546
dryad_foot,dryad_0038,/Users/q/Desktop/atelier/atelier-ml/data/dryad_foot/019_mBW_R.ply,right,275.6,139.0,100.3,5.9,528.6,536.8,558.6,737.1,702.8,737.1,663.4,35301
dryad_foot,dryad_0040,/Users/q/Desktop/atelier/atelier-ml/data/dryad_foot/020_mBW_R.ply,right,268.2,136.2,94.0,3.7,501.8,505.0,538.9,712.8,688.1,712.8,641.5,33998
dryad_foot,dryad_0041,/Users/q/Desktop/atelier/atelier-ml/data/dryad_foot/022_fBW_R.ply,right,256.0,139.0,95.6,5.7,477.2,485.4,532.9,722.9,700.3,722.9,650.6,34354
dryad_foot,dryad_0042,/Users/q/Desktop/atelier/atelier-ml/data/dryad_foot/022_mBW_R.ply,right,257.0,135.2,96.8,8.9,475.7,483.3,535.1,695.5,659.2,695.5,626.0,35113
dryad_foot,dryad_0044,/Users/q/Desktop/atelier/atelier-ml/data/dryad_foot/023_mBW_R.ply,right,268.4,137.6,98.2,0.8,504.0,506.6,551.7,714.2,670.7,714.2,642.8,34951
dryad_foot,dryad_0045,/Users/q/Desktop/atelier/atelier-ml/data/dryad_foot/024_fBW_R.ply,right,254.7,137.9,81.8,5.3,418.5,428.7,469.3,703.2,669.4,703.2,632.9,33738
dryad_foot,dryad_0046,/Users/q/Desktop/atelier/atelier-ml/data/dryad_foot/024_mBW_R.ply,right,253.9,135.7,81.5,6.3,423.1,430.6,471.5,683.8,638.2,683.8,615.4,33668
dryad_foot,dryad_0047,/Users/q/Desktop/atelier/atelier-ml/data/dryad_foot/025_fBW_R.ply,right,247.5,135.6,89.6,1.6,433.8,434.8,488.7,673.3,613.9,673.3,606.0,33852
dryad_foot,dryad_0048,/Users/q/Desktop/atelier/atelier-ml/data/dryad_foot/025_mBW_R.ply,right,240.2,134.7,85.0,5.8,432.5,432.9,497.4,646.3,591.1,646.3,581.7,34258
dryad_foot,dryad_0050,/Users/q/Desktop/atelier/atelier-ml/data/dryad_foot/026_mBW_R.ply,right,265.5,138.7,92.1,6.2,466.1,474.7,521.4,723.1,704.1,723.1,650.8,33949
dryad_foot,dryad_0051,/Users/q/Desktop/atelier/atelier-ml/data/dryad_foot/027_fBW_R.ply,right,259.6,139.7,84.0,6.0,434.2,445.1,502.3,699.6,653.0,699.6,629.6,33979
dryad_foot,dryad_0052,/Users/q/Desktop/atelier/atelier-ml/data/dryad_foot/027_mBW_R.ply,right,254.4,136.0,83.6,7.3,436.5,442.4,494.7,683.8,640.1,683.8,615.4,34170
dryad_foot,dryad_0054,/Users/q/Desktop/atelier/atelier-ml/data/dryad_foot/028_mBW_Lr.ply,left,292.8,139.9,95.3,1.5,488.7,482.3,516.6,746.6,742.7,746.6,671.9,33279
dryad_foot,dryad_0056,/Users/q/Desktop/atelier/atelier-ml/data/dryad_foot/029_mBW_R.ply,right,249.9,137.6,85.4,4.5,459.8,460.4,503.9,695.0,656.4,695.0,625.5,34884
dryad_foot,dryad_0057,/Users/q/Desktop/atelier/atelier-ml/data/dryad_foot/031_fBW_R.ply,right,272.5,138.7,94.4,2.2,479.4,486.1,510.9,728.5,701.9,728.5,655.6,32151
dryad_foot,dryad_0058,/Users/q/Desktop/atelier/atelier-ml/data/dryad_foot/031_mBW_R.ply,right,262.9,135.3,90.4,6.5,478.3,483.2,506.4,702.3,679.7,702.3,632.1,33454
dryad_foot,dryad_0060,/Users/q/Desktop/atelier/atelier-ml/data/dryad_foot/032_mBW_R.ply,right,261.5,136.1,93.4,8.7,493.7,501.9,543.1,696.7,655.4,696.7,627.0,34527
dryad_foot,dryad_0061,/Users/q/Desktop/atelier/atelier-ml/data/dryad_foot/033_fBW_R.ply,right,263.5,139.8,93.6,9.6,459.9,469.0,529.3,733.0,715.8,733.0,659.7,33153
dryad_foot,dryad_0062,/Users/q/Desktop/atelier/atelier-ml/data/dryad_foot/033_mBW_R.ply,right,264.1,137.9,90.9,8.3,463.4,473.2,528.2,717.9,692.5,717.9,646.1,33994
dryad_foot,dryad_0063,/Users/q/Desktop/atelier/atelier-ml/data/dryad_foot/034_fBW_R.ply,right,252.9,139.9,89.5,10.9,447.1,448.8,490.2,700.9,666.2,700.9,630.8,34189
dryad_foot,dryad_0064,/Users/q/Desktop/atelier/atelier-ml/data/dryad_foot/034_mBW_R.ply,right,250.0,136.0,90.0,1.7,448.1,448.2,497.2,669.5,622.6,669.5,602.6,34414
dryad_foot,dryad_0065,/Users/q/Desktop/atelier/atelier-ml/data/dryad_foot/035_fBW_R.ply,right,260.3,139.4,91.7,3.2,468.2,470.6,499.9,701.4,631.1,701.4,631.3,31178
dryad_foot,dryad_0066,/Users/q/Desktop/atelier/atelier-ml/data/dryad_foot/035_mBW_R.ply,right,255.8,133.4,89.9,5.5,466.7,466.4,502.9,667.9,598.2,667.9,601.1,33747
dryad_foot,dryad_0067,/Users/q/Desktop/atelier/atelier-ml/data/dryad_foot/036_fBW_R.ply,right,264.5,139.7,90.7,4.6,437.4,441.4,496.3,728.8,709.2,728.8,655.9,33118
dryad_foot,dryad_0068,/Users/q/Desktop/atelier/atelier-ml/data/dryad_foot/036_mBW_R.ply,right,259.9,137.8,87.6,1.5,430.5,433.9,498.4,715.5,694.8,715.5,644.0,33676
dryad_foot,dryad_0070,/Users/q/Desktop/atelier/atelier-ml/data/dryad_foot/037_mBW_R.ply,right,253.5,138.4,89.9,3.0,476.0,473.8,511.1,695.5,644.2,695.5,626.0,34883
dryad_foot,dryad_0071,/Users/q/Desktop/atelier/atelier-ml/data/dryad_foot/038_fBW_R.ply,right,276.7,139.2,97.6,7.9,486.1,490.4,519.7,739.0,718.5,739.0,665.1,35986
dryad_foot,dryad_0072,/Users/q/Desktop/atelier/atelier-ml/data/dryad_foot/038_mBW_R.ply,right,274.5,136.9,95.5,3.2,479.9,484.4,523.4,723.1,695.6,723.1,650.8,33422
dryad_foot,dryad_0076,/Users/q/Desktop/atelier/atelier-ml/data/dryad_foot/040_mBW_R.ply,right,264.1,140.0,94.7,0.1,495.9,503.0,549.9,752.1,731.7,752.1,676.9,34565
dryad_foot,dryad_0078,/Users/q/Desktop/atelier/atelier-ml/data/dryad_foot/041_mBW_R.ply,right,235.6,139.6,86.3,5.9,430.5,433.1,467.5,693.2,667.7,693.2,623.9,32459
dryad_foot,dryad_0079,/Users/q/Desktop/atelier/atelier-ml/data/dryad_foot/042_fBW_R.ply,right,231.1,138.1,82.7,4.0,417.5,419.5,457.8,654.8,549.4,654.8,589.3,32946
dryad_foot,dryad_0080,/Users/q/Desktop/atelier/atelier-ml/data/dryad_foot/042_mBW_R.ply,right,241.2,129.0,81.9,0.3,415.2,415.2,469.5,487.8,412.8,487.8,439.0,32568
dryad_foot,dryad_0082,/Users/q/Desktop/atelier/atelier-ml/data/dryad_foot/043_mBW_R.ply,right,256.5,138.2,91.1,1.7,469.3,468.3,493.8,715.8,700.2,715.8,644.2,33741
dryad_foot,dryad_0083,/Users/q/Desktop/atelier/atelier-ml/data/dryad_foot/044_fBW_R.ply,right,256.5,138.8,96.7,2.4,497.5,504.5,528.6,731.0,713.6,731.0,657.9,33610
dryad_foot,dryad_0084,/Users/q/Desktop/atelier/atelier-ml/data/dryad_foot/044_mBW_R.ply,right,251.3,135.7,96.3,1.8,491.8,496.0,527.6,708.2,685.0,708.2,637.4,33730
dryad_foot,dryad_0086,/Users/q/Desktop/atelier/atelier-ml/data/dryad_foot/045_mBW_R.ply,right,252.5,136.5,79.9,4.1,402.0,413.8,456.5,696.8,663.8,696.8,627.1,33144
dryad_foot,dryad_0088,/Users/q/Desktop/atelier/atelier-ml/data/dryad_foot/046_mBW_R.ply,right,251.5,136.8,83.2,5.8,427.1,433.0,482.5,683.3,635.3,683.3,615.0,34255
dryad_foot,dryad_0089,/Users/q/Desktop/atelier/atelier-ml/data/dryad_foot/047_fBW_R.ply,right,284.1,138.5,89.8,7.2,460.0,466.4,507.0,718.0,696.6,718.0,646.2,32036
dryad_foot,dryad_0090,/Users/q/Desktop/atelier/atelier-ml/data/dryad_foot/047_mBW_R.ply,right,277.0,136.3,92.6,7.2,462.8,461.5,502.1,712.5,696.5,712.5,641.2,32117
dryad_foot,dryad_0092,/Users/q/Desktop/atelier/atelier-ml/data/dryad_foot/048_mBW_R.ply,right,263.7,136.7,90.4,6.3,456.0,457.4,503.5,710.9,691.8,710.9,639.8,32631
dryad_foot,dryad_0094,/Users/q/Desktop/atelier/atelier-ml/data/dryad_foot/049_mBW_R.ply,right,252.3,138.9,89.5,5.6,453.0,457.6,526.4,668.0,583.9,668.0,601.2,35321
dryad_foot,dryad_0097,/Users/q/Desktop/atelier/atelier-ml/data/dryad_foot/051_fBW_R.ply,right,260.0,137.0,84.2,3.2,420.1,422.3,486.5,663.9,547.8,663.9,597.5,33950
dryad_foot,dryad_0098,/Users/q/Desktop/atelier/atelier-ml/data/dryad_foot/051_mBW_R.ply,right,243.1,121.7,77.3,4.9,410.3,415.3,464.7,620.1,579.7,620.1,558.1,32795
dryad_foot,dryad_0100,/Users/q/Desktop/atelier/atelier-ml/data/dryad_foot/052_mBW_R.ply,right,263.7,134.6,88.0,0.7,454.5,460.0,503.0,684.4,652.7,684.4,616.0,32731
dryad_foot,dryad_0101,/Users/q/Desktop/atelier/atelier-ml/data/dryad_foot/053_fBW_R.ply,right,268.3,139.8,101.5,9.6,498.3,502.4,537.2,738.8,727.1,738.8,664.9,33349
dryad_foot,dryad_0102,/Users/q/Desktop/atelier/atelier-ml/data/dryad_foot/053_mBW_R.ply,right,268.2,137.3,100.8,4.8,498.8,499.6,538.5,722.4,698.1,722.4,650.2,33480
dryad_foot,dryad_0104,/Users/q/Desktop/atelier/atelier-ml/data/dryad_foot/054_mBW_R.ply,right,260.9,139.0,97.7,5.5,495.7,502.2,546.5,729.9,699.8,729.9,656.9,34535
dryad_foot,dryad_0105,/Users/q/Desktop/atelier/atelier-ml/data/dryad_foot/055_fBW_R.ply,right,241.2,138.7,84.4,2.6,424.1,425.9,479.8,676.5,629.2,676.5,608.8,34102
dryad_foot,dryad_0106,/Users/q/Desktop/atelier/atelier-ml/data/dryad_foot/055_mBW_R.ply,right,236.5,137.0,82.2,4.1,422.7,424.6,478.0,663.2,621.4,663.2,596.9,33843
dryad_foot,dryad_0108,/Users/q/Desktop/atelier/atelier-ml/data/dryad_foot/056_mBW_R.ply,right,240.8,135.8,95.6,1.8,497.6,501.6,523.3,705.6,682.1,705.6,635.0,34365
dryad_foot,dryad_0109,/Users/q/Desktop/atelier/atelier-ml/data/dryad_foot/057_fBW_R.ply,right,259.6,136.8,94.4,0.5,493.9,501.2,552.5,619.9,515.2,619.9,557.9,34420
dryad_foot,dryad_0110,/Users/q/Desktop/atelier/atelier-ml/data/dryad_foot/057_mBW_R.ply,right,251.9,134.0,90.6,0.0,487.4,493.5,549.1,642.3,544.9,642.3,578.1,35675
dryad_foot,dryad_0111,/Users/q/Desktop/atelier/atelier-ml/data/dryad_foot/058_fBW_R.ply,right,257.5,136.5,90.9,0.3,459.0,465.0,494.9,708.7,681.4,708.7,637.8,31139
dryad_foot,dryad_0112,/Users/q/Desktop/atelier/atelier-ml/data/dryad_foot/058_mBW_R.ply,right,249.2,134.0,88.5,1.6,456.3,460.0,487.0,684.6,659.2,684.6,616.1,32249
dryad_foot,dryad_0115,/Users/q/Desktop/atelier/atelier-ml/data/dryad_foot/060_fBW_R.ply,right,253.0,138.0,90.3,1.7,451.0,452.2,470.5,701.5,677.2,701.5,631.4,32515
dryad_foot,dryad_0116,/Users/q/Desktop/atelier/atelier-ml/data/dryad_foot/060_mBW_R.ply,right,253.9,133.1,89.4,4.2,448.8,448.0,473.6,664.8,623.6,664.8,598.3,32755
dryad_foot,dryad_0117,/Users/q/Desktop/atelier/atelier-ml/data/dryad_foot/061_fBW_R.ply,right,259.5,139.1,97.4,1.9,491.4,499.0,511.7,729.2,714.1,729.2,656.3,33248
dryad_foot,dryad_0118,/Users/q/Desktop/atelier/atelier-ml/data/dryad_foot/061_mBW_R.ply,right,254.3,138.8,95.7,1.3,487.4,492.9,511.4,719.8,708.9,719.8,647.8,33603
dryad_foot,dryad_0120,/Users/q/Desktop/atelier/atelier-ml/data/dryad_foot/062_mBW_R.ply,right,257.7,136.7,89.7,2.8,492.7,498.2,520.6,701.0,675.0,701.0,630.9,33416
dryad_foot,dryad_0121,/Users/q/Desktop/atelier/atelier-ml/data/dryad_foot/063_fBW_R.ply,right,260.3,138.9,86.8,6.5,428.3,432.1,482.3,714.0,682.5,714.0,642.6,33712
dryad_foot,dryad_0122,/Users/q/Desktop/atelier/atelier-ml/data/dryad_foot/063_mBW_R.ply,right,257.7,133.1,87.5,4.8,427.2,430.3,478.5,673.5,634.6,673.5,606.2,33104
dryad_foot,dryad_0123,/Users/q/Desktop/atelier/atelier-ml/data/dryad_foot/065_fBW_R.ply,right,265.0,138.7,88.0,2.9,451.0,462.2,514.4,710.4,674.4,710.4,639.4,33708
dryad_foot,dryad_0124,/Users/q/Desktop/atelier/atelier-ml/data/dryad_foot/065_mBW_R.ply,right,257.2,138.4,85.2,2.9,447.9,455.9,509.4,705.5,675.8,705.5,635.0,34188
dryad_foot,dryad_0126,/Users/q/Desktop/atelier/atelier-ml/data/dryad_foot/066_mBW_R.ply,right,270.8,137.1,96.6,8.2,497.5,499.1,531.6,729.2,700.1,729.2,656.3,33959
dryad_foot,dryad_0127,/Users/q/Desktop/atelier/atelier-ml/data/dryad_foot/067_fBW_R.ply,right,258.4,138.1,100.4,7.4,485.8,489.3,528.9,723.1,686.6,723.1,650.8,34460
dryad_foot,dryad_0128,/Users/q/Desktop/atelier/atelier-ml/data/dryad_foot/067_mBW_R.ply,right,251.1,135.8,99.2,6.3,483.1,488.7,532.3,686.2,647.7,686.2,617.6,35187
dryad_foot,dryad_0130,/Users/q/Desktop/atelier/atelier-ml/data/dryad_foot/068_mBW_R.ply,right,262.8,136.5,84.5,1.8,434.0,435.4,468.9,684.9,647.1,684.9,616.4,32825
dryad_foot,dryad_0132,/Users/q/Desktop/atelier/atelier-ml/data/dryad_foot/069_mBW_R.ply,right,264.0,136.8,91.0,3.0,469.4,477.9,503.8,698.7,677.8,698.7,628.8,33208
dryad_foot,dryad_0134,/Users/q/Desktop/atelier/atelier-ml/data/dryad_foot/070_mBW_R.ply,right,261.4,138.1,103.6,0.7,535.0,536.1,581.7,716.1,689.9,716.1,644.5,35718
dryad_foot,dryad_0136,/Users/q/Desktop/atelier/atelier-ml/data/dryad_foot/071_mBW_R.ply,right,260.5,138.7,96.8,5.2,505.5,506.0,544.4,711.3,687.7,711.3,640.2,34197
dryad_foot,dryad_0138,/Users/q/Desktop/atelier/atelier-ml/data/dryad_foot/072_mBW_R.ply,right,258.0,136.1,96.4,6.7,494.8,505.1,538.4,700.7,669.6,700.7,630.6,34678
dryad_foot,dryad_0140,/Users/q/Desktop/atelier/atelier-ml/data/dryad_foot/073_mBW_R.ply,right,269.9,133.4,85.8,0.6,476.7,487.1,532.5,675.9,639.3,675.9,608.3,33952
dryad_foot,dryad_0142,/Users/q/Desktop/atelier/atelier-ml/data/dryad_foot/074_mBW_R.ply,right,269.7,136.1,104.2,5.6,534.5,535.0,549.1,708.1,672.1,708.1,637.3,34609
dryad_foot,dryad_0144,/Users/q/Desktop/atelier/atelier-ml/data/dryad_foot/075_mBW_Lr.ply,left,269.9,137.0,93.7,11.9,494.6,500.2,533.2,714.1,682.1,714.1,642.7,33875
dryad_foot,dryad_0146,/Users/q/Desktop/atelier/atelier-ml/data/dryad_foot/076_mBW_R.ply,right,253.6,138.8,94.6,3.7,487.0,493.8,535.5,722.5,710.1,722.5,650.2,33957
dryad_foot,dryad_0148,/Users/q/Desktop/atelier/atelier-ml/data/dryad_foot/077_mBW_R.ply,right,257.6,139.3,90.7,3.3,449.7,463.2,504.9,720.2,706.7,720.2,648.2,33240
dryad_foot,dryad_0150,/Users/q/Desktop/atelier/atelier-ml/data/dryad_foot/078_mBW_Lr.ply,left,245.3,137.9,86.1,2.4,450.2,451.2,480.6,705.1,678.3,705.1,634.6,33197
dryad_foot,dryad_0152,/Users/q/Desktop/atelier/atelier-ml/data/dryad_foot/079_mBW_R.ply,right,237.4,137.7,82.8,3.7,435.9,441.1,491.8,649.3,584.8,649.3,584.4,35446
dryad_foot,dryad_0153,/Users/q/Desktop/atelier/atelier-ml/data/dryad_foot/080_fBW_R.ply,right,252.9,137.7,96.7,8.8,467.5,472.1,496.6,705.8,670.2,705.8,635.2,34190
dryad_foot,dryad_0154,/Users/q/Desktop/atelier/atelier-ml/data/dryad_foot/080_mBW_R.ply,right,250.8,134.0,95.2,6.9,465.5,469.2,502.5,667.8,625.3,667.8,601.0,34023
dryad_foot,dryad_0156,/Users/q/Desktop/atelier/atelier-ml/data/dryad_foot/081_mBW_R.ply,right,272.8,139.3,97.8,1.8,485.5,488.4,526.1,734.5,723.8,734.5,661.1,33708
dryad_foot,dryad_0157,/Users/q/Desktop/atelier/atelier-ml/data/dryad_foot/082_fBW_R.ply,right,255.1,134.7,83.7,3.6,442.8,446.2,513.2,540.9,443.2,540.9,486.8,33831
dryad_foot,dryad_0158,/Users/q/Desktop/atelier/atelier-ml/data/dryad_foot/082_mBW_R.ply,right,245.1,134.0,83.1,6.2,436.9,441.9,506.9,591.7,485.9,591.7,532.5,35020
dryad_foot,dryad_0159,/Users/q/Desktop/atelier/atelier-ml/data/dryad_foot/083_fBW_R.ply,right,251.8,139.3,84.0,4.9,427.9,435.6,478.6,721.0,699.4,721.0,648.9,32688
dryad_foot,dryad_0160,/Users/q/Desktop/atelier/atelier-ml/data/dryad_foot/083_mBW_R.ply,right,245.3,138.1,82.0,3.2,433.9,441.2,477.9,710.1,689.0,710.1,639.1,33325
dryad_foot,dryad_0161,/Users/q/Desktop/atelier/atelier-ml/data/dryad_foot/084_fBW_R.ply,right,256.2,137.8,87.7,5.3,434.2,438.4,496.7,676.7,547.1,676.7,609.0,33621
dryad_foot,dryad_0162,/Users/q/Desktop/atelier/atelier-ml/data/dryad_foot/084_mBW_R.ply,right,246.5,135.4,86.6,5.7,426.4,429.9,492.5,657.2,592.1,657.2,591.5,33945
dryad_foot,dryad_0164,/Users/q/Desktop/atelier/atelier-ml/data/dryad_foot/085_mBW_R.ply,right,270.2,136.4,86.0,2.5,443.9,447.6,490.0,696.2,668.8,696.2,626.6,33565
dryad_foot,dryad_0166,/Users/q/Desktop/atelier/atelier-ml/data/dryad_foot/086_mBW_R.ply,right,261.9,139.3,92.0,0.7,478.3,482.2,513.8,727.7,715.6,727.7,654.9,33696
dryad_foot,dryad_0167,/Users/q/Desktop/atelier/atelier-ml/data/dryad_foot/087_fBW_R.ply,right,275.7,139.4,98.5,3.4,479.3,485.0,526.5,747.7,727.2,747.7,672.9,33462
dryad_foot,dryad_0168,/Users/q/Desktop/atelier/atelier-ml/data/dryad_foot/087_mBW_R.ply,right,267.6,138.7,94.5,4.1,491.0,493.6,519.8,730.6,713.6,730.6,657.5,33353
dryad_foot,dryad_0170,/Users/q/Desktop/atelier/atelier-ml/data/dryad_foot/088_mBW_R.ply,right,248.6,138.8,89.2,1.2,464.6,464.5,497.0,705.0,677.0,705.0,634.5,33606
dryad_foot,dryad_0171,/Users/q/Desktop/atelier/atelier-ml/data/dryad_foot/089_fBW_R.ply,right,260.7,134.1,88.1,5.5,421.8,424.3,479.5,670.5,616.2,670.5,603.4,32820
dryad_foot,dryad_0172,/Users/q/Desktop/atelier/atelier-ml/data/dryad_foot/089_mBW_R.ply,right,249.6,134.2,87.4,1.4,427.2,423.7,464.9,673.2,643.8,673.2,605.9,32457
dryad_foot,dryad_0173,/Users/q/Desktop/atelier/atelier-ml/data/dryad_foot/090_fBW_R.ply,right,286.1,138.3,99.5,0.9,501.1,506.8,525.1,738.3,726.2,738.3,664.5,33148
dryad_foot,dryad_0174,/Users/q/Desktop/atelier/atelier-ml/data/dryad_foot/090_mBW_R.ply,right,279.7,135.5,97.5,2.9,494.8,500.7,519.3,720.4,702.9,720.4,648.4,33109
dryad_foot,dryad_0175,/Users/q/Desktop/atelier/atelier-ml/data/dryad_foot/091_fBW_R.ply,right,258.9,139.1,88.6,6.3,450.4,451.2,494.2,696.8,646.6,696.8,627.1,33751
dryad_foot,dryad_0176,/Users/q/Desktop/atelier/atelier-ml/data/dryad_foot/091_mBW_R.ply,right,258.2,132.8,85.9,4.5,450.1,449.8,489.3,648.3,586.3,648.3,583.5,33426
dryad_foot,dryad_0178,/Users/q/Desktop/atelier/atelier-ml/data/dryad_foot/092_mBW_R.ply,right,284.7,137.3,93.3,2.3,485.5,491.3,526.8,733.9,716.3,733.9,660.5,33676
dryad_foot,dryad_0181,/Users/q/Desktop/atelier/atelier-ml/data/dryad_foot/094_fBW_R.ply,right,245.4,138.7,92.6,5.3,464.3,468.0,500.8,713.7,673.4,713.7,642.3,33643
dryad_foot,dryad_0182,/Users/q/Desktop/atelier/atelier-ml/data/dryad_foot/094_mBW_R.ply,right,247.3,132.3,90.3,7.7,460.6,462.2,503.0,650.8,593.4,650.8,585.7,33922
dryad_foot,dryad_0184,/Users/q/Desktop/atelier/atelier-ml/data/dryad_foot/095_mBW_R.ply,right,244.4,136.6,94.6,4.5,499.2,506.9,537.5,699.5,668.5,699.5,629.6,35068
dryad_foot,dryad_0188,/Users/q/Desktop/atelier/atelier-ml/data/dryad_foot/097_mBW_Lr.ply,left,253.9,136.9,85.9,4.1,448.1,452.8,497.6,695.9,662.8,695.9,626.3,34395
dryad_foot,dryad_0190,/Users/q/Desktop/atelier/atelier-ml/data/dryad_foot/098_mBW_Lr.ply,left,273.5,136.0,95.0,10.4,509.2,507.9,529.1,718.7,693.1,718.7,646.8,33495
dryad_foot,dryad_0191,/Users/q/Desktop/atelier/atelier-ml/data/dryad_foot/099_fBW_R.ply,right,255.9,138.0,87.8,6.5,447.1,455.2,503.8,690.0,639.2,690.0,621.0,33945
dryad_foot,dryad_0192,/Users/q/Desktop/atelier/atelier-ml/data/dryad_foot/099_mBW_R.ply,right,257.2,133.8,84.7,5.0,448.0,454.4,509.8,643.0,573.0,643.0,578.7,34499
dryad_foot,dryad_0194,/Users/q/Desktop/atelier/atelier-ml/data/dryad_foot/100_mBW_R.ply,right,255.0,133.6,85.4,0.4,461.0,466.8,507.6,677.1,644.3,677.1,609.4,33174
dryad_foot,dryad_0195,/Users/q/Desktop/atelier/atelier-ml/data/dryad_foot/101_fBW_R.ply,right,237.4,138.3,87.8,9.4,443.7,447.8,471.5,698.9,672.0,698.9,629.0,32435
dryad_foot,dryad_0196,/Users/q/Desktop/atelier/atelier-ml/data/dryad_foot/101_mBW_R.ply,right,240.9,131.2,85.2,7.6,444.1,447.0,472.4,648.1,607.0,648.1,583.3,33535
dryad_foot,dryad_0197,/Users/q/Desktop/atelier/atelier-ml/data/dryad_foot/102_fBW_R.ply,right,249.1,137.3,86.9,7.9,436.6,444.0,484.4,700.3,653.0,700.3,630.3,34187
dryad_foot,dryad_0198,/Users/q/Desktop/atelier/atelier-ml/data/dryad_foot/102_mBW_R.ply,right,245.4,134.8,81.9,4.7,438.1,442.1,488.7,668.5,610.0,668.5,601.6,34737
dryad_foot,dryad_0200,/Users/q/Desktop/atelier/atelier-ml/data/dryad_foot/103_mBW_R.ply,right,251.6,136.4,92.8,2.9,479.1,479.8,529.4,697.3,663.8,697.3,627.6,34411
